iter	Logloss
0	0.6500252564
1	0.6347598109
2	0.6291584192
3	0.6251340175
4	0.6231163451
5	0.6203663702
6	0.617604321
7	0.6159536037
8	0.614125111
9	0.6121604587
10	0.611067256
11	0.6098816622
12	0.6080975091
13	0.6069438689
14	0.604747125
